tra_infr,unit,geo\time	2006 	2007 	2008 	2009 	2010 	2011 	2012 	2013 	2014 	2015 	2016 	2017 
RL,KM,BE10	: 	: 	99 	: 	: 	: 	: 	: 	: 	: 	: 	: 
RL,KM,BE21	: 	: 	245 	: 	: 	: 	: 	: 	: 	: 	: 	: 
RL,KM,BE22	: 	: 	271 	: 	: 	: 	: 	: 	: 	: 	: 	: 
RL,KM,BE23	: 	: 	499 	: 	: 	: 	: 	: 	: 	: 	: 	: 
RL,KM,BE24	: 	: 	306 	: 	: 	: 	: 	: 	: 	: 	: 	: 
RL,KM,BE25	: 	: 	315 	: 	: 	: 	: 	: 	: 	: 	: 	: 
RL,KM,BE31	: 	: 	129 	: 	: 	: 	: 	: 	: 	: 	: 	: 
RL,KM,BE32	: 	: 	646 	: 	: 	: 	: 	: 	: 	: 	: 	: 
RL,KM,BE33	: 	: 	462 	: 	: 	: 	: 	: 	: 	: 	: 	: 
RL,KM,BE34	: 	: 	285 	: 	: 	: 	: 	: 	: 	: 	: 	: 
RL,KM,BE35	: 	: 	322 	: 	: 	: 	: 	: 	: 	: 	: 	: 
RL,KM,BG31	649 	648 	648 	655 	644 	642 	642 	648 	648 	648 	648 	648 
RL,KM,BG32	620 	620 	620 	619 	631 	627 	627 	627 	627 	627 	627 	627 
RL,KM,BG33	490 	490 	488 	488 	478 	478 	478 	482 	484 	484 	484 	484 
RL,KM,BG34	705 	703 	705 	705 	670 	664 	662 	624 	624 	624 	624 	625 
RL,KM,BG41	899 	899 	899 	900 	899 	885 	885 	877 	866 	864 	864 	864 
RL,KM,BG42	783 	783 	784 	783 	776 	776 	776 	774 	774 	772 	782 	782 
RL,KM,CY00	: z	: z	: z	: z	: z	: z	: z	: z	: z	: 	: 	: 
RL,KM,CZ01	245 	243 	246 	248 	248 	248 	248 	244 	241 	241 	236 	236 
RL,KM,CZ02	1278 	1277 	1279 	1278 	1278 	1278 	1277 	1281 	1287 	1289 	1289 	1289 
RL,KM,CZ03	1662 	1661 	1689 	1690 	1691 	1692 	1692 	1685 	1684 	1682 	1680 	1680 
RL,KM,CZ04	1512 	1517 	1514 	1514 	1513 	1515 	1515 	1513 	1513 	1514 	1518 	1517 
RL,KM,CZ05	1809 	1809 	1809 	1810 	1810 	1809 	1807 	1807 	1804 	1803 	1804 	1807 
RL,KM,CZ06	1460 	1450 	1420 	1405 	1406 	1406 	1406 	1406 	1406 	1408 	1408 	1410 
RL,KM,CZ07	958 	958 	958 	959 	960 	961 	962 	961 	962 	961 	962 	962 
RL,KM,CZ08	673 	673 	673 	674 	663 	664 	664 	664 	664 	668 	667 	667 
RL,KM,DE30	631 	631 	631 	626 	603 	584 	583 	580 	580 	626 	626 	623 
RL,KM,DE40	2753 	2809 	2714 	2758 	2738 	2686 	2739 	2739 	2691 	2766 	2767 	2756 
RL,KM,DE50	171 	171 	171 	173 	164 	165 	165 	164 	163 	139 	141 	141 
RL,KM,DE60	282 	282 	282 	280 	296 	357 	352 	350 	347 	298 	298 	298 
RL,KM,DE80	1543 	1562 	1529 	1593 	1671 	1670 	1690 	1671 	1665 	1656 	1656 	1656 
RL,KM,DEC0	353 	347 	347 	347 	366 	367 	370 	370 	361 	349 	348 	343 
RL,KM,DEE0	2201 	2230 	2219 	2210 	2213 	2214 	2199 	2190 	2190 	2314 	2404 	2398 
RL,KM,DEF0	1283 	1283 	1290 	1290 	1268 	1278 	1278 	1278 	1277 	1275 	1275 	1279 
RL,KM,DEG0	1561 	1561 	1532 	1524 	1596 	1598 	1598 	1594 	1594 	1521 	1562 	1558 
RL,KM,EE00	968 	816 	919 	919 	919 	918 	918 	917 	1116 	1164 	1161 	1161 
RL,KM,EL30	218 	218 	218 	218 	218 	238 	183 	198 	198 	200 	200 	: 
RL,KM,EL41	: z	: z	: z	: z	: z	: z	: z	: z	: z	: z	: z	: 
RL,KM,EL42	: z	: z	: z	: z	: z	: z	: z	: z	: z	: z	: z	: 
RL,KM,EL43	: z	: z	: z	: z	: z	: z	: z	: z	: z	: z	: z	: 
RL,KM,EL51	409 	409 	409 	409 	409 	409 	409 	409 	409 	409 	409 	: 
RL,KM,EL52	530 	529 	530 	530 	530 	539 	539 	539 	539 	539 	539 	: 
RL,KM,EL53	125 	125 	125 	125 	125 	111 	111 	111 	83 	83 	83 	: 
RL,KM,EL54	0 	0 	0 	0 	0 	0 	0 	0 	0 	0 	0 	: 
RL,KM,EL61	285 	285 	285 	285 	285 	275 	269 	269 	270 	270 	270 	: 
RL,KM,EL62	0 	0 	0 	0 	0 	0 	0 	0 	0 	0 	0 	: 
RL,KM,EL63	254 	266 	266 	266 	266 	266 	212 	213 	213 	213 	213 	: 
RL,KM,EL64	280 	280 	280 	280 	280 	274 	274 	274 	274 	274 	274 	: 
RL,KM,EL65	408 	439 	439 	439 	439 	442 	251 	252 	252 	252 	252 	: 
RL,KM,ES11	942 	952 	1089 	1092 	1092 	1177 	1177 	1168 	1171 	1211 	1209 	1206 
RL,KM,ES12	219 	219 	713 	684 	720 	718 	718 	683 	683 	678 	669 	669 
RL,KM,ES13	122 	122 	350 	318 	352 	352 	352 	311 	311 	311 	311 	311 
RL,KM,ES21	303 	303 	625 	628 	641 	646 	649 	637 	633 	636 	560 	563 
RL,KM,ES22	248 	249 	247 	247 	247 	247 	247 	247 	247 	218 	218 	216 
RL,KM,ES23	113 	103 	110 	110 	110 	110 	111 	111 	111 	111 	111 	111 
RL,KM,ES24	1261 	1267 	1326 	1324 	1324 	1324 	1324 	1324 	1324 	1324 	1312 	1312 
RL,KM,ES30	665 	703 	701 	706 	714 	725 	723 	703 	699 	699 	697 	697 
RL,KM,ES41	1931 	2073 	2399 	2394 	2393 	2390 	2390 	2394 	2389 	2536 	2531 	2509 
RL,KM,ES42	1631 	1632 	1610 	1610 	1931 	1932 	1939 	2033 	2033 	2033 	2033 	2033 
RL,KM,ES43	788 	781 	730 	748 	748 	748 	748 	748 	748 	748 	748 	748 
RL,KM,ES51	1463 	1573 	1835 	1836 	1903 	1900 	1899 	1865 	1839 	1845 	1845 	1848 
RL,KM,ES52	754 	749 	1023 	779 	891 	891 	882 	951 	951 	953 	942 	942 
RL,KM,ES53	0 	0 	107 	117 	117 	117 	118 	118 	118 	117 	117 	117 
RL,KM,ES61	2324 	2382 	2406 	2385 	2376 	2376 	2366 	2365 	2365 	2358 	2350 	2350 
RL,KM,ES62	260 	260 	279 	279 	279 	280 	280 	280 	280 	280 	271 	271 
RL,KM,ES63	0 	0 	0 	0 	0 	0 	0 	0 	0 	0 	0 	0 
RL,KM,ES64	0 	0 	0 	0 	0 	0 	0 	0 	0 	0 	0 	0 
RL,KM,ES70	0 	0 	0 	0 	0 	0 	0 	0 	0 	0 	0 	0 
RL,KM,FI19	1607 	1605 	1605 	1605 	1605 	1605 	1605 	1605 	1605 	1594 	1594 	1594 
RL,KM,FI1B	: 	396 	416 	416 	416 	416 	416 	416 	416 	431 	431 	431 
RL,KM,FI1C	: 	980 	980 	980 	980 	980 	980 	980 	980 	974 	974 	974 
RL,KM,FI1D	2913 	2918 	2918 	2918 	2918 	2943 	2943 	2943 	2943 	2924 	2927 	2927 
RL,KM,FI20	0 	: z	: z	: z	: z	: z	: z	: z	: z	0 	0 	0 
RL,KM,FR10	1790 	1848 	1852 	1830 	1827 	1827 	1823 	1820 	1819 	1818 	1831 	1825 
RL,KM,FRB0	2323 	2322 	2323 	2185 	2181 	2083 	2088 	2082 	2082 	2041 	2075 	1975 
RL,KM,FRC1	1814 	1789 	1790 	1905 	1905 	1918 	1891 	1891 	1823 	1702 	1714 	1707 
RL,KM,FRC2	889 	878 	877 	829 	816 	939 	939 	943 	922 	1149 	930 	926 
RL,KM,FRD1	712 	711 	713 	708 	705 	717 	717 	717 	719 	723 	674 	672 
RL,KM,FRD2	948 	948 	915 	829 	829 	892 	892 	830 	892 	862 	813 	804 
RL,KM,FRE1	1471 	1472 	1460 	1422 	1421 	1445 	1446 	1407 	1473 	1432 	1331 	1329 
RL,KM,FRE2	1519 	1557 	1555 	1486 	1484 	1470 	1470 	1427 	1449 	1449 	1433 	1426 
RL,KM,FRF1	789 	787 	788 	718 	721 	717 	716 	718 	716 	1126 	746 	743 
RL,KM,FRF2	1557 	1672 	1682 	1530 	1528 	1505 	1505 	1486 	1488 	1297 	1491 	1472 
RL,KM,FRF3	1817 	1937 	1940 	1742 	1728 	1723 	1723 	1698 	1684 	1376 	1644 	1639 
RL,KM,FRG0	1505 	1505 	1505 	1362 	1360 	1322 	1326 	1318 	1379 	1376 	1422 	1413 
RL,KM,FRH0	1173 	1173 	1173 	1140 	1147 	1148 	1148 	1120 	1126 	1126 	1103 	1133 
RL,KM,FRI1	1674 	1674 	1676 	1609 	1609 	1609 	1587 	1584 	1556 	1551 	1565 	1541 
RL,KM,FRI2	908 	908 	908 	900 	835 	899 	835 	835 	815 	812 	817 	798 
RL,KM,FRI3	1238 	1242 	1236 	1197 	1197 	1196 	1193 	1193 	1192 	1149 	1196 	1156 
RL,KM,FRJ1	1445 	1428 	1423 	1254 	1246 	1264 	1278 	1214 	1256 	1258 	1207 	1207 
RL,KM,FRJ2	1708 	1705 	1706 	1639 	1639 	1638 	1642 	1642 	1607 	1603 	1432 	1454 
RL,KM,FRK1	1434 	1430 	1344 	1225 	1141 	1137 	1141 	1141 	1095 	1045 	997 	993 
RL,KM,FRK2	2714 	2715 	2718 	2659 	2657 	2656 	2661 	2633 	2634 	2637 	2604 	2603 
RL,KM,FRL0	1416 	1416 	1418 	1298 	1295 	1335 	1335 	1312 	1427 	1334 	1308 	1305 
RL,KM,FRM0	232 	232 	232 	232 	232 	231 	232 	232 	232 	232 	232 	232 
RL,KM,FRY1	: 	: 	: 	: 	: 	: 	: 	0 	: 	0 	0 	0 
RL,KM,FRY2	0 	0 	0 	0 	0 	0 	0 	0 	: 	0 	0 	0 
RL,KM,FRY3	0 	0 	0 	0 	0 	0 	0 	0 	: 	0 	0 	0 
RL,KM,FRY4	0 	0 	0 	0 	0 	0 	0 	0 	: 	0 	0 	0 
RL,KM,FRY5	: 	: 	: 	: 	: 	: 	: 	0 	: 	0 	0 	0 
RL,KM,HR03	784 	784 	784 	784 	782 	782 	782 	782 	782 	782 	782 	782 
RL,KM,HR04	1938 	1938 	1938 	1938 	1940 	1940 	1940 	1940 	1822 	1822 	1822 	1822 
RL,KM,HU11	: 	: 	: 	: 	: 	: 	: 	: 	: 	: 	: 	199 
RL,KM,HU12	: 	: 	: 	: 	: 	: 	: 	: 	: 	: 	: 	480 
RL,KM,HU21	1080 	1080 	1151 	1037 	1037 	1037 	1037 	1150 	1150 	1022 	1114 	1117 
RL,KM,HU22	654 	654 	777 	968 	968 	1181 	1005 	972 	972 	1000 	910 	911 
RL,KM,HU23	1090 	1090 	1132 	962 	962 	945 	945 	1099 	1062 	934 	1158 	1085 
RL,KM,HU31	948 	948 	1568 	865 	865 	865 	865 	926 	926 	892 	1029 	966 
RL,KM,HU32	1510 	1510 	919 	1409 	1409 	1152 	1342 	1466 	1363 	1361 	1539 	1421 
RL,KM,HU33	1362 	1362 	1396 	1346 	1346 	1210 	1210 	1396 	1298 	1259 	1362 	1262 
RL,KM,IS00	: z	: z	: z	: 	: 	: 	: 	: 	: 	: 	: 	: 
RL,KM,ITC1	1868 	1874 	1873 	1895 	1891 	1888 	1898 	1898 	1898 	1897 	1897 	1895 
RL,KM,ITC2	81 	81 	81 	81 	81 	81 	81 	81 	81 	81 	81 	81 
RL,KM,ITC3	506 	500 	500 	500 	500 	498 	498 	498 	499 	499 	500 	496 
RL,KM,ITC4	1572 	1594 	1643 	1671 	1681 	1677 	1677 	1677 	1677 	1677 	1733 	1736 
RL,KM,ITF1	512 	512 	511 	512 	511 	524 	524 	525 	525 	524 	525 	525 
RL,KM,ITF2	270 	270 	270 	270 	270 	265 	265 	265 	265 	265 	265 	265 
RL,KM,ITF3	1067 	1104 	1086 	1108 	1108 	1121 	1121 	1130 	1099 	1095 	1095 	1095 
RL,KM,ITF4	823 	818 	822 	821 	828 	838 	838 	838 	838 	840 	840 	840 
RL,KM,ITF5	362 	362 	362 	362 	363 	347 	347 	347 	347 	347 	347 	347 
RL,KM,ITF6	854 	874 	851 	851 	851 	851 	851 	852 	852 	852 	852 	852 
RL,KM,ITG1	1394 	1378 	1378 	1378 	1378 	1379 	1379 	1379 	1379 	1379 	1379 	1369 
RL,KM,ITG2	428 	429 	429 	429 	429 	430 	430 	429 	429 	429 	429 	429 
RL,KM,ITH1	361 	361 	362 	362 	362 	357 	357 	356 	356 	356 	356 	356 
RL,KM,ITH3	1182 	1183 	1183 	1184 	1186 	1191 	1189 	1188 	1188 	1188 	1188 	1188 
RL,KM,ITH4	466 	466 	466 	466 	466 	469 	469 	469 	469 	472 	472 	472 
RL,KM,ITH5	1076 	1076 	1220 	1284 	1291 	1292 	1306 	1306 	1307 	1306 	1306 	1314 
RL,KM,ITI1	1437 	1433 	1432 	1450 	1450 	1479 	1479 	1479 	1476 	1476 	1479 	1479 
RL,KM,ITI2	368 	368 	367 	367 	367 	376 	376 	376 	376 	376 	376 	376 
RL,KM,ITI3	385 	385 	386 	385 	385 	385 	385 	386 	386 	386 	386 	386 
RL,KM,ITI4	1225 	1225 	1250 	1250 	1250 	1213 	1208 	1207 	1211 	1211 	1217 	1217 
RL,KM,LI00	9 	9 	9 	9 	9 	9 	9 	9 	9 	9 	9 	9 
RL,KM,LU00	275 	275 	275 	275 	275 	275 	275 	275 	275 	275 	275 	275 
RL,KM,LV00	2269 	2265 	2263 	1884 	1897 	1865 	1859 	1859 	1860 	1860 	1860 	1860 
RL,KM,MT00	: z	: z	: z	: z	: z	: z	: z	: z	: z	: z	: 	: 
RL,KM,NL11	156 	156 	163 	163 	163 	164 	164 	164 	164 	164 	163 	164 
RL,KM,NL12	151 	151 	151 	145 	151 	151 	151 	151 	150 	150 	149 	149 
RL,KM,NL13	105 	105 	105 	105 	105 	105 	105 	105 	105 	105 	105 	105 
RL,KM,NL21	302 	302 	302 	302 	302 	302 	302 	302 	314 	314 	312 	312 
RL,KM,NL22	458 	457 	542 	542 	542 	542 	542 	542 	546 	546 	544 	544 
RL,KM,NL23	40 	40 	40 	40 	40 	40 	40 	40 	67 	67 	67 	67 
RL,KM,NL31	195 	195 	195 	195 	195 	196 	196 	196 	195 	195 	194 	194 
RL,KM,NL32	346 	349 	357 	357 	371 	371 	371 	371 	371 	371 	365 	365 
RL,KM,NL33	368 	369 	372 	372 	437 	437 	437 	437 	437 	432 	456 	454 
RL,KM,NL34	95 	95 	92 	99 	99 	99 	99 	99 	81 	85 	97 	97 
RL,KM,NL41	339 	339 	325 	325 	357 	356 	356 	356 	352 	352 	352 	352 
RL,KM,NL42	242 	243 	245 	251 	251 	251 	251 	251 	251 	251 	253 	253 
RL,KM,NO01	340 	360 	360 	360 	360 	360 	382 	382 	382 	377 	377 	377 
RL,KM,NO02	933 	939 	939 	939 	939 	939 	934 	934 	934 	929 	929 	929 
RL,KM,NO03	948 	962 	962 	962 	962 	947 	1005 	1005 	1005 	1005 	1004 	1004 
RL,KM,NO04	425 	416 	416 	471 	471 	471 	442 	442 	442 	442 	442 	442 
RL,KM,NO05	274 	243 	243 	243 	243 	243 	285 	285 	285 	285 	285 	285 
RL,KM,NO06	734 	732 	732 	732 	732 	732 	732 	732 	732 	732 	732 	732 
RL,KM,NO07	457 	462 	462 	462 	462 	462 	458 	458 	458 	458 	458 	458 
RL,KM,PL21	1121 	1108 	1108 	1130 	1127 	1131 	1124 	1121 	1086 	1087 	1059 	: 
RL,KM,PL22	2145 	2148 	2141 	2164 	2155 	2140 	2076 	1978 	1977 	1970 	1964 	: 
RL,KM,PL41	2071 	2057 	2058 	2115 	2038 	2022 	2061 	1976 	1884 	1888 	1878 	: 
RL,KM,PL42	1203 	1214 	1214 	1206 	1203 	1202 	1254 	1183 	1183 	1183 	1148 	: 
RL,KM,PL43	930 	958 	959 	960 	967 	967 	971 	920 	921 	909 	890 	: 
RL,KM,PL51	1727 	1730 	1753 	1765 	1769 	1779 	1779 	1763 	1751 	1727 	1750 	: 
RL,KM,PL52	851 	851 	868 	869 	868 	867 	821 	798 	764 	749 	780 	: 
RL,KM,PL61	1337 	1308 	1302 	1301 	1259 	1258 	1276 	1195 	1196 	1196 	1199 	: 
RL,KM,PL62	1209 	1209 	1209 	1207 	1215 	1238 	1238 	1078 	1116 	1138 	1081 	: 
RL,KM,PL63	1259 	1241 	1245 	1233 	1241 	1238 	1237 	1214 	1221 	1218 	1192 	: 
RL,KM,PL71	1113 	1113 	1056 	1055 	1063 	1059 	1055 	1058 	1068 	1069 	1080 	: 
RL,KM,PL72	707 	707 	707 	722 	722 	721 	721 	696 	721 	721 	721 	: 
RL,KM,PL81	1071 	1075 	1071 	1089 	1039 	1041 	1045 	1027 	1041 	1042 	1046 	: 
RL,KM,PL82	975 	975 	999 	1018 	981 	978 	1024 	924 	978 	978 	978 	: 
RL,KM,PL84	683 	705 	760 	760 	759 	763 	700 	693 	656 	654 	654 	: 
RL,KM,PT11	517 	517 	517 	517 	516 	516 	437 	452 	452 	452 	452 	452 
RL,KM,PT15	221 	221 	221 	221 	221 	221 	221 	174 	174 	174 	174 	174 
RL,KM,PT16	1025 	1024 	1024 	1024 	998 	998 	949 	942 	942 	942 	942 	942 
RL,KM,PT17	241 	241 	244 	244 	244 	244 	245 	273 	274 	274 	274 	274 
RL,KM,PT18	836 	836 	836 	836 	864 	815 	690 	704 	704 	703 	704 	704 
RL,KM,PT20	: z	: z	: z	: z	: z	: z	: z	: z	: z	0 	0 	: z
RL,KM,PT30	: z	: z	: z	: z	: z	: z	: z	: z	: z	0 	0 	: z
RL,KM,RO11	1678 	1668 	1668 	1668 	1668 	1668 	1668 	1668 	1668 	1668 	1668 	1668 
RL,KM,RO12	1346 	1333 	1337 	1336 	1336 	1332 	1332 	1329 	1333 	1329 	1333 	1333 
RL,KM,RO21	1624 	1619 	1619 	1619 	1620 	1620 	1620 	1620 	1621 	1620 	1621 	1621 
RL,KM,RO22	1716 	1745 	1749 	1749 	1749 	1745 	1745 	1745 	1747 	1745 	1748 	1748 
RL,KM,RO31	1253 	1251 	1251 	1251 	1251 	1251 	1251 	1251 	1251 	1251 	1247 	1247 
RL,KM,RO32	279 	279 	279 	279 	279 	279 	279 	279 	279 	279 	279 	279 
RL,KM,RO41	989 	988 	988 	988 	988 	988 	988 	988 	990 	990 	990 	990 
RL,KM,RO42	1904 	1894 	1894 	1894 	1894 	1894 	1894 	1888 	1888 	1888 	1888 	1888 
RL,KM,SE11	: 	398 	395 	402 	397 	402 	398 	377 	374 	322 	401 	409 
RL,KM,SE12	: 	1818 	1813 	1828 	1807 	1827 	1811 	1751 	1745 	1748 	1806 	1800 
RL,KM,SE21	: 	1179 	1151 	1162 	1185 	1196 	1169 	1127 	1112 	1117 	1134 	1132 
RL,KM,SE22	: 	914 	911 	913 	920 	935 	933 	1082 	1078 	1085 	900 	907 
RL,KM,SE23	: 	1541 	1545 	1559 	1515 	1526 	1511 	1418 	1408 	1444 	1488 	1484 
RL,KM,SE31	: 	1798 	1850 	1860 	1821 	1840 	1819 	1680 	1664 	1671 	1661 	1656 
RL,KM,SE32	: 	1426 	1426 	1459 	1526 	1473 	1516 	1545 	1533 	1548 	1537 	1536 
RL,KM,SE33	: 	1940 	1931 	1954 	1979 	2008 	1982 	1977 	1967 	1972 	1956 	1951 
RL,KM,SI03	: 	: 	: 	: 	: 	: 	: 	: 	: 	684 	684 	684 
RL,KM,SI04	: 	: 	: 	: 	: 	: 	: 	: 	: 	525 	525 	525 
RL,KM,SK01	243 	243 	235 	235 	235 	235 	235 	235 	235 	235 	235 	236 
RL,KM,SK02	1200 	1200 	1201 	1204 	1201 	1203 	1203 	1202 	1202 	1200 	1200 	1199 
RL,KM,SK03	1087 	1057 	1058 	1058 	1058 	1058 	1065 	1065 	1065 	1067 	1067 	1067 
RL,KM,SK04	1129 	1129 	1129 	1126 	1128 	1129 	1129 	1129 	1126 	1126 	1125 	1125 
RL,KM,TR10	210 	210 	199 	199 	199 	199 	199 	227 	227 	227 	227 	: 
RL,KM,TR21	276 	276 	285 	285 	321 	321 	321 	348 	348 	348 	348 	: 
RL,KM,TR22	303 	303 	280 	280 	280 	280 	280 	280 	280 	280 	280 	: 
RL,KM,TR31	325 	325 	331 	331 	331 	331 	331 	361 	362 	362 	362 	: 
RL,KM,TR32	286 	286 	283 	282 	282 	282 	282 	282 	282 	282 	282 	: 
RL,KM,TR33	1021 	1021 	1072 	1082 	1082 	1082 	1082 	1082 	1082 	1082 	1082 	: 
RL,KM,TR41	359 	359 	345 	567 	572 	572 	572 	563 	811 	811 	811 	: 
RL,KM,TR42	251 	251 	255 	255 	255 	255 	255 	255 	377 	377 	377 	: 
RL,KM,TR51	310 	310 	310 	472 	653 	653 	653 	653 	653 	653 	653 	: 
RL,KM,TR52	416 	416 	404 	404 	696 	696 	696 	696 	696 	696 	696 	: 
RL,KM,TR61	102 	102 	103 	103 	103 	103 	103 	103 	103 	103 	103 	: 
RL,KM,TR62	290 	290 	289 	289 	289 	289 	289 	289 	289 	289 	289 	: 
RL,KM,TR63	267 	267 	269 	270 	270 	270 	270 	270 	270 	270 	270 	: 
RL,KM,TR71	287 	287 	289 	289 	289 	289 	289 	289 	289 	289 	289 	: 
RL,KM,TR72	884 	884 	870 	870 	870 	918 	918 	918 	918 	962 	962 	: 
RL,KM,TR81	202 	202 	203 	189 	189 	189 	189 	189 	189 	189 	189 	: 
RL,KM,TR82	172 	172 	172 	172 	172 	172 	172 	172 	172 	172 	172 	: 
RL,KM,TR83	356 	356 	353 	354 	354 	354 	354 	354 	354 	354 	354 	: 
RL,KM,TR90	0 	0 	0 	0 	0 	0 	0 	0 	0 	0 	0 	: 
RL,KM,TRA1	445 	445 	437 	437 	437 	437 	437 	437 	435 	435 	435 	: 
RL,KM,TRA2	172 	172 	172 	172 	172 	172 	172 	172 	172 	172 	172 	: 
RL,KM,TRB1	629 	629 	627 	627 	627 	627 	627 	627 	627 	627 	627 	: 
RL,KM,TRB2	243 	243 	256 	256 	256 	256 	256 	256 	256 	256 	256 	: 
RL,KM,TRC1	309 	309 	315 	315 	315 	315 	315 	315 	315 	315 	315 	: 
RL,KM,TRC2	371 	371 	370 	370 	370 	370 	370 	370 	370 	370 	370 	: 
RL,KM,TRC3	211 	211 	210 	210 	210 	210 	210 	210 	210 	210 	210 	: 
RL,KM,UKN0	340 	340 	340 	340 	340 	333 	333 	333 	333 	333 	333 	333 
RL,KM_TKM2,BE10	: 	: 	616 	: 	: 	: 	: 	: 	: 	: 	: 	: 
RL,KM_TKM2,BE21	: 	: 	88 	: 	: 	: 	: 	: 	: 	: 	: 	: 
RL,KM_TKM2,BE22	: 	: 	113 	: 	: 	: 	: 	: 	: 	: 	: 	: 
RL,KM_TKM2,BE23	: 	: 	169 	: 	: 	: 	: 	: 	: 	: 	: 	: 
RL,KM_TKM2,BE24	: 	: 	145 	: 	: 	: 	: 	: 	: 	: 	: 	: 
RL,KM_TKM2,BE25	: 	: 	101 	: 	: 	: 	: 	: 	: 	: 	: 	: 
RL,KM_TKM2,BE31	: 	: 	118 	: 	: 	: 	: 	: 	: 	: 	: 	: 
RL,KM_TKM2,BE32	: 	: 	171 	: 	: 	: 	: 	: 	: 	: 	: 	: 
RL,KM_TKM2,BE33	: 	: 	120 	: 	: 	: 	: 	: 	: 	: 	: 	: 
RL,KM_TKM2,BE34	: 	: 	64 	: 	: 	: 	: 	: 	: 	: 	: 	: 
RL,KM_TKM2,BE35	: 	: 	88 	: 	: 	: 	: 	: 	: 	: 	: 	: 
RL,KM_TKM2,BG31	35 	35 	35 	35 	35 	34 	34 	35 	35 	35 	35 	35 
RL,KM_TKM2,BG32	43 	43 	43 	43 	43 	43 	43 	43 	43 	44 	43 	43 
RL,KM_TKM2,BG33	34 	34 	34 	34 	33 	33 	33 	33 	34 	33 	33 	33 
RL,KM_TKM2,BG34	36 	36 	36 	36 	35 	34 	34 	32 	32 	32 	32 	32 
RL,KM_TKM2,BG41	45 	45 	45 	45 	45 	44 	44 	44 	43 	44 	43 	43 
RL,KM_TKM2,BG42	36 	36 	36 	36 	35 	36 	36 	35 	35 	35 	36 	36 
RL,KM_TKM2,CY00	: 	: 	: z	: z	: z	: z	: z	: z	: z	: 	: 	: 
RL,KM_TKM2,CZ01	505 	501 	507 	511 	511 	511 	511 	503 	497 	497 	475 	476 
RL,KM_TKM2,CZ02	118 	118 	118 	118 	118 	118 	118 	119 	119 	119 	117 	117 
RL,KM_TKM2,CZ03	97 	97 	99 	99 	99 	99 	99 	99 	99 	99 	95 	95 
RL,KM_TKM2,CZ04	178 	179 	179 	179 	179 	179 	179 	179 	179 	179 	175 	175 
RL,KM_TKM2,CZ05	148 	148 	148 	148 	148 	148 	147 	147 	147 	147 	145 	145 
RL,KM_TKM2,CZ06	106 	106 	103 	102 	102 	102 	102 	103 	102 	103 	101 	101 
RL,KM_TKM2,CZ07	105 	105 	105 	105 	105 	105 	105 	105 	105 	105 	104 	104 
RL,KM_TKM2,CZ08	127 	127 	127 	127 	125 	125 	125 	125 	125 	126 	123 	123 
RL,KM_TKM2,DE30	707 	708 	708 	703 	676 	658 	654 	650 	650 	702 	702 	698 
RL,KM_TKM2,DE40	93 	95 	92 	94 	93 	91 	93 	93 	91 	93 	93 	93 
RL,KM_TKM2,DE50	423 	423 	423 	428 	406 	394 	394 	391 	389 	332 	337 	337 
RL,KM_TKM2,DE60	373 	373 	373 	371 	392 	473 	466 	463 	460 	395 	395 	395 
RL,KM_TKM2,DE80	67 	67 	66 	69 	72 	72 	73 	72 	72 	71 	71 	71 
RL,KM_TKM2,DEC0	137 	135 	135 	135 	142 	143 	144 	144 	141 	136 	135 	134 
RL,KM_TKM2,DEE0	108 	109 	109 	108 	108 	108 	108 	107 	107 	113 	118 	117 
RL,KM_TKM2,DEF0	81 	81 	82 	82 	80 	81 	81 	81 	81 	81 	81 	81 
RL,KM_TKM2,DEG0	97 	97 	95 	94 	99 	99 	99 	99 	99 	94 	96 	96 
RL,KM_TKM2,EE00	22 	19 	21 	21 	21 	21 	21 	21 	26 	27 	27 	27 
RL,KM_TKM2,EL30	57 	57 	57 	57 	57 	62 	48 	52 	52 	52 	52 	: 
RL,KM_TKM2,EL41	: z	: z	: z	: z	: z	: 	: 	: 	: 	: 	: 	: 
RL,KM_TKM2,EL42	: z	: z	: z	: z	: z	: 	: 	: 	: 	: 	: 	: 
RL,KM_TKM2,EL43	: z	: z	: z	: z	: z	: 	: 	: 	: 	: 	: 	: 
RL,KM_TKM2,EL51	29 	29 	29 	29 	29 	29 	29 	29 	29 	29 	29 	: 
RL,KM_TKM2,EL52	28 	28 	28 	28 	28 	28 	28 	28 	28 	28 	28 	: 
RL,KM_TKM2,EL53	14 	14 	14 	14 	14 	12 	12 	12 	9 	9 	9 	: 
RL,KM_TKM2,EL54	0 	0 	0 	0 	0 	0 	0 	0 	0 	0 	0 	: 
RL,KM_TKM2,EL61	20 	20 	20 	20 	20 	20 	19 	19 	19 	19 	19 	: 
RL,KM_TKM2,EL62	0 	0 	0 	0 	0 	0 	0 	0 	0 	0 	0 	: 
RL,KM_TKM2,EL63	23 	24 	24 	24 	24 	23 	19 	19 	19 	19 	19 	: 
RL,KM_TKM2,EL64	18 	18 	18 	18 	18 	18 	18 	18 	18 	18 	18 	: 
RL,KM_TKM2,EL65	26 	28 	28 	28 	28 	28 	16 	16 	16 	16 	16 	: 
RL,KM_TKM2,ES11	32 	32 	37 	37 	37 	40 	40 	40 	40 	41 	41 	41 
RL,KM_TKM2,ES12	21 	21 	67 	65 	68 	68 	68 	65 	65 	64 	63 	63 
RL,KM_TKM2,ES13	23 	23 	67 	60 	67 	67 	67 	59 	59 	59 	58 	58 
RL,KM_TKM2,ES21	42 	42 	87 	87 	89 	90 	90 	88 	88 	89 	77 	78 
RL,KM_TKM2,ES22	24 	24 	24 	24 	24 	24 	24 	24 	24 	21 	21 	21 
RL,KM_TKM2,ES23	22 	20 	22 	22 	22 	22 	22 	22 	22 	22 	22 	22 
RL,KM_TKM2,ES24	26 	27 	28 	28 	28 	28 	28 	28 	28 	28 	27 	27 
RL,KM_TKM2,ES30	83 	88 	88 	89 	90 	91 	91 	88 	88 	88 	87 	87 
RL,KM_TKM2,ES41	20 	22 	26 	26 	26 	26 	26 	26 	25 	27 	27 	27 
RL,KM_TKM2,ES42	21 	21 	20 	20 	24 	24 	25 	26 	26 	26 	26 	26 
RL,KM_TKM2,ES43	19 	19 	18 	18 	18 	18 	18 	18 	18 	18 	18 	18 
RL,KM_TKM2,ES51	46 	49 	57 	57 	60 	59 	59 	58 	58 	58 	57 	58 
RL,KM_TKM2,ES52	32 	32 	44 	34 	39 	39 	38 	41 	41 	41 	40 	41 
RL,KM_TKM2,ES53	0 	0 	21 	23 	23 	23 	24 	24 	24 	23 	23 	23 
RL,KM_TKM2,ES61	27 	28 	28 	28 	27 	27 	27 	27 	27 	27 	27 	27 
RL,KM_TKM2,ES62	23 	23 	25 	25 	25 	25 	25 	25 	25 	25 	24 	24 
RL,KM_TKM2,ES63	0 	0 	0 	0 	0 	0 	0 	0 	0 	0 	0 	0 
RL,KM_TKM2,ES64	0 	0 	0 	0 	0 	0 	0 	0 	0 	0 	0 	0 
RL,KM_TKM2,ES70	0 	0 	0 	0 	0 	0 	0 	0 	0 	0 	0 	0 
RL,KM_TKM2,FI19	28 	28 	28 	28 	28 	28 	28 	28 	28 	27 	25 	25 
RL,KM_TKM2,FI1B	: 	43 	46 	46 	46 	46 	46 	46 	46 	47 	45 	45 
RL,KM_TKM2,FI1C	: 	31 	31 	31 	31 	31 	31 	31 	31 	31 	28 	28 
RL,KM_TKM2,FI1D	14 	14 	14 	14 	14 	14 	14 	14 	14 	14 	13 	13 
RL,KM_TKM2,FI20	0 	: z	: z	: z	: z	: z	: z	: z	: z	0 	0 	0 
RL,KM_TKM2,FR10	149 	154 	154 	152 	152 	152 	152 	152 	151 	151 	152 	152 
RL,KM_TKM2,HR03	32 	32 	32 	32 	32 	32 	32 	32 	32 	32 	: 	: 
RL,KM_TKM2,HR04	61 	61 	61 	61 	61 	61 	61 	61 	57 	57 	: 	: 
RL,KM_TKM2,HU21	97 	97 	104 	93 	93 	93 	93 	104 	104 	92 	100 	101 
RL,KM_TKM2,HU22	58 	58 	69 	85 	85 	104 	89 	86 	86 	88 	80 	80 
RL,KM_TKM2,HU23	77 	77 	80 	68 	68 	67 	67 	77 	75 	66 	82 	76 
RL,KM_TKM2,HU31	71 	71 	117 	64 	64 	64 	64 	69 	69 	66 	77 	72 
RL,KM_TKM2,HU32	85 	85 	52 	79 	79 	65 	76 	83 	77 	77 	87 	80 
RL,KM_TKM2,HU33	74 	74 	76 	73 	73 	66 	66 	76 	71 	69 	74 	69 
RL,KM_TKM2,IS00	: z	: z	: z	: 	: 	: 	: 	: 	: 	: 	: 	: 
RL,KM_TKM2,ITC1	75 	75 	75 	76 	76 	76 	76 	75 	75 	75 	75 	75 
RL,KM_TKM2,ITC2	25 	25 	25 	25 	25 	25 	25 	25 	25 	25 	25 	25 
RL,KM_TKM2,ITC3	95 	94 	94 	94 	94 	93 	93 	92 	92 	92 	92 	92 
RL,KM_TKM2,ITC4	69 	70 	72 	73 	74 	74 	74 	70 	70 	70 	73 	73 
RL,KM_TKM2,ITF1	48 	48 	48 	48 	48 	49 	49 	48 	48 	48 	48 	48 
RL,KM_TKM2,ITF2	62 	62 	62 	62 	62 	61 	61 	59 	59 	59 	59 	59 
RL,KM_TKM2,ITF3	80 	82 	81 	83 	83 	84 	84 	83 	80 	80 	80 	80 
RL,KM_TKM2,ITF4	43 	43 	43 	43 	43 	44 	44 	43 	43 	43 	43 	43 
RL,KM_TKM2,ITF5	37 	37 	37 	37 	37 	36 	36 	34 	34 	34 	34 	34 
RL,KM_TKM2,ITF6	58 	59 	58 	58 	58 	58 	58 	56 	56 	56 	56 	56 
RL,KM_TKM2,ITG1	55 	54 	54 	54 	54 	54 	54 	53 	53 	53 	53 	53 
RL,KM_TKM2,ITG2	18 	18 	18 	18 	18 	18 	18 	18 	18 	18 	18 	18 
RL,KM_TKM2,ITH1	49 	49 	49 	49 	49 	48 	48 	48 	48 	48 	48 	48 
RL,KM_TKM2,ITH3	67 	67 	67 	67 	67 	68 	68 	65 	65 	65 	65 	65 
RL,KM_TKM2,ITH4	62 	62 	62 	62 	62 	62 	62 	60 	60 	60 	60 	60 
RL,KM_TKM2,ITH5	48 	48 	54 	57 	58 	58 	58 	58 	58 	58 	58 	59 
RL,KM_TKM2,ITI1	63 	63 	63 	64 	64 	65 	65 	64 	64 	64 	64 	64 
RL,KM_TKM2,ITI2	45 	45 	44 	44 	44 	46 	46 	44 	44 	44 	44 	44 
RL,KM_TKM2,ITI3	41 	41 	41 	41 	41 	41 	41 	41 	41 	41 	41 	41 
RL,KM_TKM2,ITI4	72 	72 	74 	74 	74 	72 	71 	70 	70 	70 	71 	71 
RL,KM_TKM2,LI00	58 	58 	58 	58 	58 	58 	58 	58 	57 	57 	56 	56 
RL,KM_TKM2,LU00	106 	106 	106 	106 	106 	106 	106 	106 	106 	106 	106 	106 
RL,KM_TKM2,LV00	36 	36 	36 	30 	31 	30 	30 	30 	30 	30 	29 	29 
RL,KM_TKM2,MT00	: z	: z	: z	: z	: z	: z	: z	: z	: z	: z	: 	: 
RL,KM_TKM2,NL11	67 	67 	70 	70 	70 	70 	71 	71 	71 	71 	55 	55 
RL,KM_TKM2,NL12	45 	45 	45 	43 	45 	45 	45 	45 	45 	45 	26 	26 
RL,KM_TKM2,NL13	40 	40 	40 	40 	40 	40 	40 	40 	40 	40 	39 	39 
RL,KM_TKM2,NL21	91 	91 	91 	91 	91 	91 	91 	91 	94 	94 	91 	91 
RL,KM_TKM2,NL22	92 	92 	109 	109 	109 	109 	109 	109 	110 	110 	106 	106 
RL,KM_TKM2,NL23	28 	28 	28 	28 	28 	28 	28 	28 	47 	47 	28 	28 
RL,KM_TKM2,NL31	141 	141 	141 	141 	141 	142 	142 	142 	141 	141 	134 	134 
RL,KM_TKM2,NL32	130 	131 	134 	134 	139 	139 	139 	139 	139 	139 	89 	89 
RL,KM_TKM2,NL33	131 	131 	132 	132 	155 	155 	156 	156 	156 	154 	133 	133 
RL,KM_TKM2,NL34	53 	53 	51 	55 	55 	55 	55 	55 	45 	48 	33 	33 
RL,KM_TKM2,NL41	69 	69 	66 	66 	73 	72 	72 	72 	72 	72 	69 	69 
RL,KM_TKM2,NL42	112 	113 	114 	117 	117 	117 	117 	117 	117 	117 	115 	115 
RL,KM_TKM2,NO01	68 	72 	71 	71 	71 	71 	76 	76 	76 	75 	70 	70 
RL,KM_TKM2,NO02	19 	19 	19 	19 	19 	19 	19 	19 	19 	19 	18 	18 
RL,KM_TKM2,NO03	28 	29 	28 	28 	28 	28 	30 	30 	30 	30 	27 	27 
RL,KM_TKM2,NO04	18 	18 	18 	20 	20 	20 	19 	19 	19 	19 	17 	17 
RL,KM_TKM2,NO05	6 	5 	5 	5 	5 	5 	6 	6 	6 	6 	6 	6 
RL,KM_TKM2,NO06	19 	19 	19 	19 	19 	19 	19 	19 	19 	19 	18 	18 
RL,KM_TKM2,NO07	4 	4 	4 	4 	4 	4 	4 	4 	4 	4 	4 	4 
RL,KM_TKM2,PL21	74 	73 	73 	74 	74 	74 	74 	74 	73 	73 	70 	: 
RL,KM_TKM2,PL22	174 	174 	174 	175 	175 	174 	168 	160 	163 	162 	159 	: 
RL,KM_TKM2,PL41	69 	69 	69 	71 	68 	68 	69 	66 	64 	64 	63 	: 
RL,KM_TKM2,PL42	53 	53 	53 	53 	53 	53 	55 	52 	55 	55 	50 	: 
RL,KM_TKM2,PL43	66 	68 	69 	69 	69 	69 	69 	66 	67 	66 	64 	: 
RL,KM_TKM2,PL51	87 	87 	88 	88 	89 	89 	89 	88 	89 	87 	88 	: 
RL,KM_TKM2,PL52	90 	90 	92 	92 	92 	92 	87 	85 	82 	81 	83 	: 
RL,KM_TKM2,PL61	74 	73 	72 	72 	70 	70 	71 	66 	68 	68 	67 	: 
RL,KM_TKM2,PL62	50 	50 	50 	50 	50 	51 	51 	45 	49 	50 	45 	: 
RL,KM_TKM2,PL63	69 	68 	68 	67 	68 	68 	68 	66 	69 	69 	65 	: 
RL,KM_TKM2,PT11	24 	24 	24 	24 	24 	24 	21 	21 	21 	21 	21 	21 
RL,KM_TKM2,PT15	44 	44 	44 	44 	44 	44 	44 	35 	35 	35 	35 	35 
RL,KM_TKM2,PT16	36 	36 	36 	36 	35 	35 	34 	33 	33 	33 	33 	33 
RL,KM_TKM2,PT17	82 	82 	83 	81 	81 	81 	82 	90 	91 	91 	91 	91 
RL,KM_TKM2,PT18	26 	26 	26 	26 	27 	26 	22 	22 	22 	22 	22 	22 
RL,KM_TKM2,PT20	: 	: 	: 	: 	: 	: 	: 	: 	0 	0 	0 	0 
RL,KM_TKM2,PT30	: 	: 	: 	: 	: 	: 	: 	: 	0 	0 	0 	0 
RL,KM_TKM2,RO11	50 	50 	50 	50 	50 	50 	50 	50 	50 	50 	49 	49 
RL,KM_TKM2,RO12	40 	39 	40 	40 	40 	39 	39 	39 	39 	39 	39 	39 
RL,KM_TKM2,RO21	45 	45 	45 	45 	45 	45 	45 	45 	45 	45 	44 	44 
RL,KM_TKM2,RO22	55 	56 	56 	56 	56 	56 	56 	56 	56 	56 	49 	49 
RL,KM_TKM2,RO31	37 	37 	37 	37 	37 	37 	37 	37 	37 	37 	36 	36 
RL,KM_TKM2,RO32	159 	159 	159 	159 	159 	159 	159 	159 	158 	158 	153 	153 
RL,KM_TKM2,RO41	35 	35 	35 	35 	35 	35 	35 	35 	35 	35 	34 	34 
RL,KM_TKM2,RO42	60 	60 	60 	60 	60 	60 	60 	60 	60 	60 	59 	59 
RL,KM_TKM2,SE11	: 	61 	61 	62 	61 	62 	61 	58 	57 	49 	61 	63 
RL,KM_TKM2,SE12	: 	47 	47 	47 	47 	47 	47 	46 	45 	45 	47 	47 
RL,KM_TKM2,SE21	: 	35 	35 	35 	36 	36 	35 	34 	34 	34 	34 	34 
RL,KM_TKM2,SE22	: 	65 	65 	65 	66 	67 	67 	78 	78 	78 	65 	65 
RL,KM_TKM2,SE23	: 	52 	53 	53 	51 	52 	52 	49 	48 	49 	51 	51 
RL,KM_TKM2,SE31	: 	28 	29 	29 	28 	29 	29 	26 	26 	26 	26 	26 
RL,KM_TKM2,SE32	: 	20 	20 	21 	21 	21 	22 	22 	22 	22 	22 	22 
RL,KM_TKM2,SE33	: 	13 	13 	13 	13 	13 	13 	13 	13 	13 	13 	13 
RL,KM_TKM2,SI03	: 	: 	: 	: 	: 	: 	: 	: 	: 	55 	55 	55 
RL,KM_TKM2,SI04	: 	: 	: 	: 	: 	: 	: 	: 	: 	67 	67 	67 
RL,KM_TKM2,SK01	118 	118 	115 	115 	115 	114 	114 	114 	114 	114 	114 	115 
RL,KM_TKM2,SK02	80 	80 	80 	80 	80 	80 	80 	80 	80 	80 	80 	80 
RL,KM_TKM2,SK03	67 	65 	65 	65 	65 	65 	65 	65 	65 	66 	66 	66 
RL,KM_TKM2,SK04	72 	72 	72 	72 	72 	72 	72 	72 	72 	72 	72 	72 
RL,KM_TKM2,TR10	40 	40 	38 	38 	38 	38 	38 	44 	44 	44 	43 	: 
RL,KM_TKM2,TR21	15 	15 	15 	15 	17 	17 	17 	19 	19 	19 	19 	: 
RL,KM_TKM2,TR22	13 	13 	12 	12 	12 	12 	12 	12 	12 	12 	11 	: 
RL,KM_TKM2,TR31	27 	27 	28 	28 	28 	28 	28 	30 	30 	30 	30 	: 
RL,KM_TKM2,TR32	9 	9 	9 	9 	9 	9 	9 	9 	9 	9 	9 	: 
RL,KM_TKM2,TR33	23 	23 	24 	24 	24 	24 	24 	24 	24 	24 	24 	: 
RL,KM_TKM2,TR41	13 	13 	12 	20 	20 	20 	20 	20 	28 	28 	28 	: 
RL,KM_TKM2,TR42	12 	12 	13 	13 	13 	13 	13 	13 	19 	19 	19 	: 
RL,KM_TKM2,TR51	13 	13 	13 	19 	27 	27 	27 	27 	27 	27 	26 	: 
RL,KM_TKM2,TR52	9 	9 	8 	8 	15 	15 	15 	15 	15 	15 	14 	: 
RL,KM_TKM2,TR61	3 	3 	3 	3 	3 	3 	3 	3 	3 	3 	3 	: 
RL,KM_TKM2,TR62	10 	10 	10 	10 	10 	10 	10 	10 	10 	10 	10 	: 
RL,KM_TKM2,TR63	11 	11 	12 	12 	12 	12 	12 	12 	12 	12 	11 	: 
RL,KM_TKM2,TR71	9 	9 	9 	9 	9 	9 	9 	9 	9 	9 	9 	: 
RL,KM_TKM2,TR72	15 	15 	15 	15 	15 	15 	15 	15 	15 	16 	16 	: 
RL,KM_TKM2,TR81	21 	21 	21 	20 	20 	20 	20 	20 	20 	20 	20 	: 
RL,KM_TKM2,TR82	7 	7 	7 	7 	7 	7 	7 	7 	7 	7 	6 	: 
RL,KM_TKM2,TR83	9 	9 	9 	9 	9 	9 	9 	9 	9 	9 	9 	: 
RL,KM_TKM2,TR90	0 	0 	0 	0 	0 	0 	0 	0 	0 	0 	0 	: 
RL,KM_TKM2,TRA1	11 	11 	11 	11 	11 	11 	11 	11 	11 	11 	11 	: 
RL,KM_TKM2,TRA2	6 	6 	6 	6 	6 	6 	6 	6 	6 	6 	6 	: 
RL,KM_TKM2,TRB1	18 	18 	17 	17 	17 	17 	17 	17 	17 	17 	17 	: 
RL,KM_TKM2,TRB2	6 	6 	6 	6 	6 	6 	6 	6 	6 	6 	6 	: 
RL,KM_TKM2,TRC1	20 	20 	21 	21 	21 	21 	21 	21 	21 	21 	20 	: 
RL,KM_TKM2,TRC2	11 	11 	11 	11 	11 	11 	11 	11 	11 	11 	11 	: 
RL,KM_TKM2,TRC3	8 	8 	8 	8 	8 	8 	8 	8 	8 	8 	8 	: 
RL,KM_TKM2,UKN0	25 	25 	25 	25 	25 	25 	25 	25 	25 	25 	24 	24 
